{
  "height_cm": 180.5,
  "confidence": 0.983,
  "methods": {
    "full_body": 195.3,
    "head_proportions": 97.8,
    "body_segments": 180.9,
    "reference_calibrated": 192.0
  },
  "calculation_details": {
    "image_height_pixels": 641,
    "key_landmarks": {
      "nose_y": 0.199551522731781,
      "ears_avg_y": 0.17402209341526031,
      "shoulders_avg_y": 0.23448288440704346,
      "hips_avg_y": 0.46001996099948883,
      "ankles_avg_y": 0.8497600555419922
    },
    "body_ratios": {
      "head_to_total": 0.02552942931652069,
      "torso_to_total": 0.22553707659244537,
      "legs_to_total": 0.38974009454250336
    }
  },
  "reference_height": 192.0,
  "error_cm": 11.5,
  "error_percent": 6.0,
  "timestamp": "2025-09-12T00:25:55.992026",
  "image_path": "test_images\\image.png",
  "calculation_method": "mathematical_multi_method"
}