{
  "input_image": "test_images\\image.png",
  "timestamp": "20250912_013339",
  "final_results": {
    "height_cm": 217.54,
    "uncertainty_cm": 4.66,
    "confidence": 0.852,
    "precision_grade": "Excellent",
    "method_results": {
      "camera_calibrated": 215.08,
      "reference_object": 16.35,
      "depth_corrected": 220,
      "multi_bone_forensic": 220,
      "geometric_3d": 210.09
    },
    "camera_calibration": {
      "camera_matrix": "[[933.29472241   0.         653.5       ]\n [  0.         933.29472241 980.        ]\n [  0.           0.           1.        ]]",
      "distortion_coeffs": "[ 0.1 -0.2  0.   0.   0. ]",
      "focal_length_pixels": 933.2947224059719,
      "focal_length_mm": 4.405836600799424,
      "principal_point": [
        653.5,
        980.0
      ],
      "fov_degrees": 70,
      "pixel_size_mm": 0.004720734506503443,
      "sensor_width_mm": 6.17,
      "image_dimensions": [
        1307,
        1960
      ]
    },
    "reference_calibration": {
      "calibrated": true,
      "object_type": "coin_quarter",
      "pixel_to_cm_ratio": 0.012377551020408164,
      "object_bounds": [
        "603",
        "500",
        "196",
        "196"
      ],
      "confidence": 0.95,
      "circle_params": "[701 598  98]"
    },
    "measurement_quality": {
      "overall": 0.891023797883838,
      "factors": {
        "visibility": 0.8681934683611898,
        "refinement": 0.6528287868774051,
        "completeness": 1.0,
        "anatomical": 1.0
      }
    },
    "validation_metrics": {
      "confidence": 0.8519919209263542,
      "grade": "Excellent",
      "agreement_std": 4.104747098303122,
      "agreement_range": 9.906662767147793,
      "num_valid_methods": 4,
      "method_agreement": 0.9,
      "pose_quality_factor": 0.9466397364211806,
      "final_deviation": 0.0,
      "median_height": 217.53898895997543
    },
    "processing_metadata": {
      "image_dimensions": "1307x1960",
      "valid_methods": 5,
      "pose_quality": 0.9466397364211806,
      "timestamp": "2025-09-12T01:33:39.094663"
    }
  },
  "pose_analysis": {
    "valid": true,
    "quality_metrics": {
      "overall": 0.9466397364211806,
      "visibility": 0.8681934683611898,
      "min_visibility": 0.34959298372268677,
      "key_visibility": 0.9861152172088623,
      "anatomical_consistency": 1.0,
      "stability": 0.9101896663506827,
      "body_coverage": 1.0,
      "symmetry": 0.9583987593650818,
      "occlusion": 1.0
    },
    "landmarks_detected": 33,
    "face_mesh_available": false,
    "hands_detected": false
  },
  "processing_summary": {
    "methods_attempted": 7,
    "methods_successful": 5,
    "reference_object_used": true,
    "precision_grade": "Excellent",
    "confidence_level": 0.852
  }
}