{
  "input_image": "test_images\\usain.png",
  "timestamp": "20250912_013524",
  "final_results": {
    "height_cm": 199.02,
    "uncertainty_cm": 20.0,
    "confidence": 0.6207,
    "precision_grade": "Good",
    "method_results": {
      "camera_calibrated": 206.92,
      "reference_object": 7.03,
      "depth_corrected": 191.11,
      "multi_bone_forensic": 220,
      "geometric_3d": 163.25
    },
    "camera_calibration": {
      "camera_matrix": "[[342.75552162   0.         240.        ]\n [  0.         342.75552162 320.5       ]\n [  0.           0.           1.        ]]",
      "distortion_coeffs": "[ 0.1 -0.2  0.   0.   0. ]",
      "focal_length_pixels": 342.75552161810754,
      "focal_length_mm": 4.405836600799424,
      "principal_point": [
        240.0,
        320.5
      ],
      "fov_degrees": 70,
      "pixel_size_mm": 0.012854166666666667,
      "sensor_width_mm": 6.17,
      "image_dimensions": [
        480,
        641
      ]
    },
    "reference_calibration": {
      "calibrated": true,
      "object_type": "coin_quarter",
      "pixel_to_cm_ratio": 0.015960526315789474,
      "object_bounds": [
        "209",
        "130",
        "152",
        "152"
      ],
      "confidence": 0.95,
      "circle_params": "[285 206  76]"
    },
    "measurement_quality": {
      "overall": 0.868688021841381,
      "factors": {
        "visibility": 0.9303531303550258,
        "refinement": 0.6479104136743667,
        "completeness": 1.0,
        "anatomical": 0.8666666666666667
      }
    },
    "validation_metrics": {
      "confidence": 0.6206989152035737,
      "grade": "Good",
      "agreement_std": 21.152270138205424,
      "agreement_range": 56.7454491533955,
      "num_valid_methods": 4,
      "method_agreement": 0.3,
      "pose_quality_factor": 0.9756630506785788,
      "final_deviation": 0.0,
      "median_height": 199.01673919503963
    },
    "processing_metadata": {
      "image_dimensions": "480x641",
      "valid_methods": 5,
      "pose_quality": 0.9756630506785788,
      "timestamp": "2025-09-12T01:35:24.490937"
    }
  },
  "pose_analysis": {
    "valid": true,
    "quality_metrics": {
      "overall": 0.9756630506785788,
      "visibility": 0.9303531303550258,
      "min_visibility": 0.6880055069923401,
      "key_visibility": 0.9876012972423008,
      "anatomical_consistency": 1.0,
      "stability": 0.9798144946495692,
      "body_coverage": 1.0,
      "symmetry": 0.9858233444392681,
      "occlusion": 1.0
    },
    "landmarks_detected": 33,
    "face_mesh_available": false,
    "hands_detected": false
  },
  "processing_summary": {
    "methods_attempted": 7,
    "methods_successful": 5,
    "reference_object_used": true,
    "precision_grade": "Good",
    "confidence_level": 0.6207
  }
}