{"accuracy": [0.32249999046325684, 0.3799999952316284, 0.4000000059604645, 0.4675000011920929, 0.47749999165534973, 0.4724999964237213, 0.48249998688697815, 0.5, 0.5249999761581421], "loss": [1.5336076021194458, 1.3371599912643433, 1.2572097778320312, 1.1413843631744385, 1.0675346851348877, 1.0789748430252075, 1.081700086593628, 1.0236542224884033, 0.9769896864891052], "val_accuracy": [0.25, 0.2800000011920929, 0.33000001311302185, 0.33000001311302185, 0.3400000035762787, 0.3100000023841858, 0.28999999165534973, 0.27000001072883606, 0.23999999463558197], "val_loss": [1.144853115081787, 1.12288236618042, 1.1224792003631592, 1.12244713306427, 1.1285544633865356, 1.1336512565612793, 1.1394946575164795, 1.1386054754257202, 1.1423883438110352]}